Evento,Ano,Media
Reveillon,2020,35.666666666666664
Carnaval,2020,33.0
Carnaval,2022,97.5
Reveillon,2022,45.666666666666664
Reveillon,2023,0.0
Carnaval,2023,60.25